UserId,First Name,Last Name,Birthday,Gender,Email,Phone Number
1,Jennifer,Jones,8/5/1958,Male,jennifer.jones@example.com,+1-283-436-9187
2,Christopher,Williams,1/10/2001,Female,christopher.williams@example.com,+1-621-708-9550
3,Amanda,Williams,18/11/1952,Male,amanda.williams@example.com,+1-303-645-5136
4,Michael,Taylor,13/6/1988,Female,michael.taylor@example.com,+1-625-751-3513
5,Amanda,Johnson,10/5/2010,Female,amanda.johnson@example.com,+1-325-435-5690
6,Christopher,Miller,4/1/1998,Female,christopher.miller@example.com,+1-586-454-3976
7,Jessica,Wilson,10/2/1964,Male,jessica.wilson@example.com,+1-513-887-7853
8,Matthew,Brown,21/4/1989,Female,matthew.brown@example.com,+1-653-981-2296
9,Emily,Williams,26/9/1960,Male,emily.williams@example.com,+1-547-757-7290
10,Amanda,Miller,18/5/1956,Female,amanda.miller@example.com,+1-826-354-9592
11,David,Wilson,18/1/1958,Male,david.wilson@example.com,+1-760-466-3072
12,Christopher,Moore,15/8/1995,Male,christopher.moore@example.com,+1-347-895-5862
13,Matthew,Miller,18/10/1994,Female,matthew.miller@example.com,+1-471-452-9891
14,Christopher,Miller,26/5/1974,Female,christopher.miller@example.com,+1-638-330-6593
15,Ashley,Smith,16/3/1978,Male,ashley.smith@example.com,+1-335-374-1585
16,Christopher,Johnson,6/1/1999,Female,christopher.johnson@example.com,+1-510-479-4884
17,Matthew,Brown,12/6/2008,Female,matthew.brown@example.com,+1-807-290-2102
18,Jessica,Jones,21/6/1965,Female,jessica.jones@example.com,+1-892-468-6725
19,Joshua,Williams,6/9/1976,Female,joshua.williams@example.com,+1-617-726-9816
20,Amanda,Taylor,22/12/1985,Female,amanda.taylor@example.com,+1-629-888-2930
21,Jessica,Davis,6/9/2006,Male,jessica.davis@example.com,+1-932-326-6640
22,David,Jones,20/7/2005,Female,david.jones@example.com,+1-801-883-2340
23,Christopher,Johnson,2/2/2002,Male,christopher.johnson@example.com,+1-878-978-4390
24,Matthew,Johnson,18/4/1994,Female,matthew.johnson@example.com,+1-231-207-7318
25,Jessica,Williams,28/10/2002,Male,jessica.williams@example.com,+1-752-831-1844
26,Emily,Wilson,9/9/1950,Female,emily.wilson@example.com,+1-870-111-6013
27,Ashley,Jones,7/2/1974,Male,ashley.jones@example.com,+1-539-363-8301
28,Joshua,Moore,17/5/2009,Female,joshua.moore@example.com,+1-382-928-1820
29,David,Williams,24/4/1985,Female,david.williams@example.com,+1-651-527-4388
30,Jennifer,Moore,27/1/1958,Female,jennifer.moore@example.com,+1-150-810-7532
31,Jessica,Smith,23/6/1955,Male,jessica.smith@example.com,+1-773-946-3500
32,Jessica,Wilson,26/1/1981,Female,jessica.wilson@example.com,+1-329-410-6799
33,Jennifer,Miller,2/9/1957,Male,jennifer.miller@example.com,+1-577-537-8218
34,Jessica,Miller,21/11/1951,Male,jessica.miller@example.com,+1-937-298-6886
35,Michael,Johnson,25/2/1970,Male,michael.johnson@example.com,+1-673-543-1533
36,Jessica,Moore,3/10/1996,Female,jessica.moore@example.com,+1-405-585-5753
37,Joshua,Davis,25/5/1976,Male,joshua.davis@example.com,+1-847-417-3250
38,Ashley,Brown,14/3/1956,Male,ashley.brown@example.com,+1-124-805-7516
39,Joshua,Smith,9/4/2005,Male,joshua.smith@example.com,+1-781-296-6425
40,Michael,Wilson,27/5/1994,Female,michael.wilson@example.com,+1-586-809-1275
41,Ashley,Taylor,15/1/2008,Female,ashley.taylor@example.com,+1-928-236-4324
42,Amanda,Davis,22/12/1955,Female,amanda.davis@example.com,+1-434-521-7400
43,Jessica,Brown,27/12/1996,Female,jessica.brown@example.com,+1-168-138-4047
44,Emily,Smith,6/9/1996,Female,emily.smith@example.com,+1-934-612-5928
45,Jennifer,Wilson,11/3/1965,Female,jennifer.wilson@example.com,+1-291-770-1595
46,Ashley,Williams,7/9/1975,Female,ashley.williams@example.com,+1-586-794-6544
47,David,Brown,7/11/1992,Female,david.brown@example.com,+1-198-879-6971
48,Amanda,Williams,13/7/1979,Male,amanda.williams@example.com,+1-364-112-5947
49,Christopher,Johnson,7/4/1975,Female,christopher.johnson@example.com,+1-957-789-3952
50,David,Wilson,18/6/1968,Female,david.wilson@example.com,+1-400-296-5744
51,Emily,Smith,7/1/1976,Male,emily.smith@example.com,+1-955-995-2018
52,Christopher,Williams,23/7/1998,Female,christopher.williams@example.com,+1-664-264-4210
53,Amanda,Wilson,26/12/1973,Female,amanda.wilson@example.com,+1-489-678-1779
54,Joshua,Smith,13/10/1954,Male,joshua.smith@example.com,+1-455-693-7345
55,Emily,Jones,10/8/1961,Male,emily.jones@example.com,+1-575-416-2248
56,Michael,Davis,21/11/1958,Female,michael.davis@example.com,+1-183-537-1898
57,David,Williams,22/11/2009,Male,david.williams@example.com,+1-717-566-5375
58,Amanda,Miller,27/7/1980,Male,amanda.miller@example.com,+1-234-604-9637
59,Amanda,Jones,22/2/1977,Female,amanda.jones@example.com,+1-450-201-1897
60,David,Wilson,15/2/1996,Female,david.wilson@example.com,+1-156-588-7622
61,David,Smith,6/11/1964,Male,david.smith@example.com,+1-564-276-8212
62,Jennifer,Brown,25/12/1991,Male,jennifer.brown@example.com,+1-401-453-5831
63,Christopher,Jones,8/5/1995,Male,christopher.jones@example.com,+1-706-217-4944
64,Matthew,Williams,7/9/1970,Female,matthew.williams@example.com,+1-598-453-8875
65,Matthew,Williams,4/6/1974,Female,matthew.williams@example.com,+1-375-983-6061
66,Ashley,Moore,26/5/1969,Female,ashley.moore@example.com,+1-939-952-1628
67,Joshua,Johnson,12/2/1957,Male,joshua.johnson@example.com,+1-610-893-5483
68,Jennifer,Miller,26/6/1961,Male,jennifer.miller@example.com,+1-902-552-6192
69,Ashley,Moore,13/5/2005,Female,ashley.moore@example.com,+1-657-873-3044
70,Joshua,Taylor,25/3/1998,Male,joshua.taylor@example.com,+1-665-375-1533
71,David,Taylor,17/2/2007,Female,david.taylor@example.com,+1-321-444-1398
72,Matthew,Taylor,26/6/1976,Female,matthew.taylor@example.com,+1-130-324-4118
73,Jennifer,Moore,14/3/1987,Male,jennifer.moore@example.com,+1-927-787-8797
74,Jessica,Moore,22/6/1968,Male,jessica.moore@example.com,+1-125-611-1278
75,Christopher,Taylor,10/1/1977,Female,christopher.taylor@example.com,+1-426-247-5606
76,Joshua,Taylor,15/3/1970,Female,joshua.taylor@example.com,+1-417-588-8571
77,Joshua,Brown,15/3/1974,Female,joshua.brown@example.com,+1-567-907-4038
78,Michael,Brown,12/7/1974,Female,michael.brown@example.com,+1-950-593-6728
79,Ashley,Wilson,5/12/1960,Female,ashley.wilson@example.com,+1-818-521-5829
80,Amanda,Moore,3/1/1988,Female,amanda.moore@example.com,+1-571-441-2280
81,Matthew,Wilson,20/9/1967,Male,matthew.wilson@example.com,+1-191-717-6049
82,David,Miller,1/12/2000,Male,david.miller@example.com,+1-673-200-1208
83,Jennifer,Brown,17/1/1952,Female,jennifer.brown@example.com,+1-701-422-7750
84,Jennifer,Smith,28/8/1954,Female,jennifer.smith@example.com,+1-247-628-9040
85,Jessica,Brown,28/9/1976,Female,jessica.brown@example.com,+1-982-976-2870
86,Joshua,Davis,21/5/1957,Female,joshua.davis@example.com,+1-773-367-3217
87,Amanda,Johnson,26/9/1959,Female,amanda.johnson@example.com,+1-164-927-2870
88,Ashley,Miller,23/6/1968,Male,ashley.miller@example.com,+1-818-164-9062
89,Jennifer,Taylor,21/9/1975,Female,jennifer.taylor@example.com,+1-311-861-4761
90,Christopher,Davis,15/4/1982,Male,christopher.davis@example.com,+1-266-670-2924
91,Amanda,Smith,10/11/1993,Male,amanda.smith@example.com,+1-650-336-8980
92,David,Brown,4/4/1988,Female,david.brown@example.com,+1-601-291-1039
93,Michael,Miller,3/1/1951,Female,michael.miller@example.com,+1-307-186-8967
94,Ashley,Davis,12/9/1975,Female,ashley.davis@example.com,+1-645-139-8679
95,Ashley,Brown,26/2/1991,Male,ashley.brown@example.com,+1-322-717-4753
96,Christopher,Miller,28/1/1986,Female,christopher.miller@example.com,+1-714-173-5958
97,Ashley,Wilson,21/8/1984,Male,ashley.wilson@example.com,+1-697-880-8528
98,Michael,Williams,12/3/1954,Male,michael.williams@example.com,+1-122-608-6804
99,Jessica,Smith,11/5/1972,Male,jessica.smith@example.com,+1-352-618-9227
100,Christopher,Jones,12/1/1994,Female,christopher.jones@example.com,+1-732-425-1457
101,Christopher,Miller,16/2/1971,Male,christopher.miller@example.com,+1-359-641-5221
102,Ashley,Johnson,18/8/1977,Male,ashley.johnson@example.com,+1-846-824-7473
103,Amanda,Jones,12/7/1983,Female,amanda.jones@example.com,+1-167-180-4298
104,Jessica,Johnson,4/4/1987,Male,jessica.johnson@example.com,+1-244-583-7693
105,Jennifer,Jones,9/11/1961,Male,jennifer.jones@example.com,+1-373-356-8768
106,Jessica,Johnson,12/1/1956,Female,jessica.johnson@example.com,+1-236-508-2652
107,Matthew,Williams,16/7/1977,Male,matthew.williams@example.com,+1-286-118-5568
108,Christopher,Jones,21/8/2004,Male,christopher.jones@example.com,+1-503-441-3805
109,Jennifer,Wilson,5/7/2002,Male,jennifer.wilson@example.com,+1-633-946-2850
110,David,Williams,27/8/1989,Female,david.williams@example.com,+1-603-431-4299
111,Jessica,Davis,6/6/2010,Female,jessica.davis@example.com,+1-231-521-6988
112,Michael,Williams,13/8/1956,Male,michael.williams@example.com,+1-754-503-9687
113,Michael,Moore,7/2/1958,Male,michael.moore@example.com,+1-848-362-9179
114,Jessica,Miller,21/12/1984,Male,jessica.miller@example.com,+1-279-382-7944
115,Jennifer,Moore,20/7/1992,Male,jennifer.moore@example.com,+1-573-284-9114
116,Jessica,Williams,25/10/1986,Male,jessica.williams@example.com,+1-150-190-7339
117,Christopher,Taylor,23/2/1967,Female,christopher.taylor@example.com,+1-464-782-9492
118,Matthew,Miller,22/6/1980,Female,matthew.miller@example.com,+1-174-364-7636
119,Joshua,Davis,12/8/1966,Male,joshua.davis@example.com,+1-839-531-5085
120,David,Davis,22/6/1986,Male,david.davis@example.com,+1-231-156-5912
121,Michael,Wilson,16/11/1994,Female,michael.wilson@example.com,+1-695-799-6231
122,Joshua,Johnson,4/6/1953,Male,joshua.johnson@example.com,+1-940-499-6638
123,Joshua,Smith,26/2/1982,Male,joshua.smith@example.com,+1-618-817-7979
124,Amanda,Davis,14/8/1967,Male,amanda.davis@example.com,+1-824-288-3856
125,Matthew,Jones,7/4/1971,Male,matthew.jones@example.com,+1-556-221-8369
126,Amanda,Brown,6/11/1970,Male,amanda.brown@example.com,+1-322-134-8633
127,Amanda,Moore,27/9/1995,Male,amanda.moore@example.com,+1-650-199-8762
128,Joshua,Jones,15/6/1983,Female,joshua.jones@example.com,+1-675-443-6473
129,Jessica,Taylor,11/9/1999,Male,jessica.taylor@example.com,+1-315-717-1349
130,Ashley,Smith,11/5/1956,Female,ashley.smith@example.com,+1-594-961-7023
131,David,Brown,22/9/1955,Female,david.brown@example.com,+1-888-846-2006
132,Matthew,Williams,25/2/1959,Male,matthew.williams@example.com,+1-852-606-1372
133,Michael,Brown,15/11/2008,Female,michael.brown@example.com,+1-736-816-2946
134,Jennifer,Davis,19/1/1992,Male,jennifer.davis@example.com,+1-857-516-5458
135,Jennifer,Jones,7/2/1981,Female,jennifer.jones@example.com,+1-308-403-8532
136,Ashley,Wilson,19/2/1973,Male,ashley.wilson@example.com,+1-974-862-5016
137,David,Williams,6/10/1958,Male,david.williams@example.com,+1-304-521-8789
138,Matthew,Taylor,25/12/2004,Female,matthew.taylor@example.com,+1-704-530-4484
139,Jennifer,Johnson,14/6/2000,Male,jennifer.johnson@example.com,+1-552-428-6771
140,Jessica,Jones,15/11/1986,Male,jessica.jones@example.com,+1-789-651-7128
141,Michael,Davis,1/7/2003,Male,michael.davis@example.com,+1-247-233-3897
142,Ashley,Brown,21/8/1973,Female,ashley.brown@example.com,+1-808-785-3367
143,Emily,Davis,18/5/1974,Male,emily.davis@example.com,+1-895-441-9142
144,Emily,Jones,21/8/1999,Male,emily.jones@example.com,+1-399-778-5729
145,David,Johnson,13/4/1965,Male,david.johnson@example.com,+1-502-493-5382
146,Jennifer,Moore,19/8/1973,Male,jennifer.moore@example.com,+1-655-821-5624
147,Ashley,Taylor,28/4/1952,Female,ashley.taylor@example.com,+1-711-758-5740
148,Christopher,Johnson,16/5/1978,Male,christopher.johnson@example.com,+1-214-267-6841
149,Amanda,Johnson,15/7/1953,Male,amanda.johnson@example.com,+1-223-265-4529
150,Amanda,Davis,15/4/1992,Female,amanda.davis@example.com,+1-204-781-2009
151,Jennifer,Williams,18/11/1963,Female,jennifer.williams@example.com,+1-582-870-1179
152,Matthew,Miller,6/8/1960,Male,matthew.miller@example.com,+1-503-564-6582
153,Ashley,Johnson,17/7/1979,Female,ashley.johnson@example.com,+1-748-479-3304
154,Jennifer,Wilson,13/1/1952,Male,jennifer.wilson@example.com,+1-268-803-3687
155,Matthew,Brown,19/10/1989,Male,matthew.brown@example.com,+1-296-506-6690
156,Christopher,Wilson,6/2/1953,Female,christopher.wilson@example.com,+1-552-551-2831
157,Joshua,Moore,7/8/2008,Female,joshua.moore@example.com,+1-493-911-3266
158,Michael,Williams,27/6/1987,Female,michael.williams@example.com,+1-272-867-5514
159,Jennifer,Taylor,9/1/2010,Male,jennifer.taylor@example.com,+1-912-246-7691
160,Christopher,Wilson,5/11/2006,Female,christopher.wilson@example.com,+1-496-778-9852
161,Ashley,Williams,28/11/1979,Male,ashley.williams@example.com,+1-196-211-1084
162,Matthew,Brown,27/5/1999,Male,matthew.brown@example.com,+1-673-296-6704
163,Jennifer,Jones,20/10/1958,Male,jennifer.jones@example.com,+1-550-197-1554
164,Joshua,Smith,15/9/1957,Female,joshua.smith@example.com,+1-725-125-7257
165,Jennifer,Jones,23/8/1956,Male,jennifer.jones@example.com,+1-428-491-7635
166,Michael,Moore,1/12/1979,Male,michael.moore@example.com,+1-887-171-4466
167,Amanda,Johnson,11/2/1959,Female,amanda.johnson@example.com,+1-438-736-7398
168,David,Davis,22/3/1980,Male,david.davis@example.com,+1-191-602-8939
169,Michael,Taylor,24/5/1955,Male,michael.taylor@example.com,+1-920-150-7285
170,Emily,Johnson,25/3/1981,Male,emily.johnson@example.com,+1-224-484-2319
171,David,Williams,17/7/2004,Female,david.williams@example.com,+1-667-238-2199
172,Matthew,Miller,8/1/1977,Male,matthew.miller@example.com,+1-529-543-3569
173,David,Taylor,8/9/1953,Female,david.taylor@example.com,+1-580-884-4953
174,Christopher,Moore,28/5/1991,Male,christopher.moore@example.com,+1-252-393-1279
175,Jennifer,Davis,12/1/1967,Male,jennifer.davis@example.com,+1-177-191-6957
176,David,Wilson,1/4/1963,Female,david.wilson@example.com,+1-219-398-2114
177,Emily,Taylor,12/4/1994,Female,emily.taylor@example.com,+1-739-817-1804
178,Amanda,Moore,19/12/1969,Female,amanda.moore@example.com,+1-292-837-3190
179,Jessica,Miller,3/1/2006,Male,jessica.miller@example.com,+1-417-327-9576
180,Christopher,Jones,6/8/1980,Female,christopher.jones@example.com,+1-517-694-9386
181,Amanda,Williams,19/9/1950,Male,amanda.williams@example.com,+1-975-138-1848
182,Michael,Brown,3/2/1973,Male,michael.brown@example.com,+1-847-439-9956
183,Emily,Johnson,9/6/1998,Female,emily.johnson@example.com,+1-869-496-7106
184,Ashley,Miller,12/4/2006,Female,ashley.miller@example.com,+1-700-667-2871
185,Matthew,Davis,11/4/2009,Male,matthew.davis@example.com,+1-266-766-5786
186,Jessica,Smith,1/12/2009,Male,jessica.smith@example.com,+1-693-629-5596
187,David,Johnson,18/5/2003,Female,david.johnson@example.com,+1-196-656-2157
188,Emily,Miller,2/9/1980,Female,emily.miller@example.com,+1-907-170-5733
189,Emily,Brown,27/6/1975,Female,emily.brown@example.com,+1-921-308-9572
190,Michael,Taylor,9/11/1961,Male,michael.taylor@example.com,+1-737-913-3648
191,Christopher,Taylor,6/2/1990,Female,christopher.taylor@example.com,+1-589-822-4166
192,Jennifer,Williams,19/10/1997,Female,jennifer.williams@example.com,+1-323-197-4928
193,Matthew,Johnson,6/10/1980,Female,matthew.johnson@example.com,+1-123-538-4196
194,Emily,Brown,23/7/1958,Male,emily.brown@example.com,+1-383-394-6725
195,Christopher,Smith,3/9/1987,Male,christopher.smith@example.com,+1-387-567-1298
196,Ashley,Wilson,9/11/1991,Male,ashley.wilson@example.com,+1-790-413-5134
197,Jennifer,Taylor,21/5/2001,Female,jennifer.taylor@example.com,+1-667-463-4855
198,Jennifer,Davis,26/4/1966,Female,jennifer.davis@example.com,+1-467-774-5868
199,Michael,Jones,6/6/1991,Male,michael.jones@example.com,+1-978-474-2407
200,Jennifer,Johnson,23/12/1992,Male,jennifer.johnson@example.com,+1-922-460-7393
